{
  "3:1": 3,
  "1:1;2:1": 4.33333,
  "1:3": 5.5,
  "4:1": 4,
  "1:1;3:1": 5.5,
  "2:2": 6,
  "1:2;2:1": 7.16667,
  "1:4": 8.83333,
  "5:1": 5,
  "1:1;4:1": 6.6,
  "2:1;3:1": 7.4,
  "1:2;3:1": 8.55,
  "1:1;2:2": 9.13333,
  "1:3;2:1": 10.7667,
  "1:5": 12.6333,
  "6:1": 6,
  "1:1;5:1": 7.66667,
  "2:1;4:1": 8.66667,
  "1:2;4:1": 9.8,
  "3:2": 9,
  "1:1;2:1;3:1": 10.7333,
  "1:3;3:1": 12.3,
  "2:3": 11.4,
  "1:2;2:2": 13.0444,
  "1:4;2:1": 14.8778,
  "1:6": 17.0806,
  "7:1": 7,
  "1:1;6:1": 8.71429,
  "2:1;5:1": 9.85714,
  "1:2;5:1": 10.9762,
  "3:1;4:1": 10.4286,
  "1:1;2:1;4:1": 12.1429,
  "1:3;4:1": 13.6524,
  "1:1;3:2": 12.5143,
  "2:2;3:1": 13.219,
  "1:2;2:1;3:1": 14.8024,
  "1:4;3:1": 16.6071,
  "1:1;2:3": 15.5619,
  "1:3;2:2": 17.4548,
  "1:5;2:1": 19.6651,
  "1:7": 22.1849
}

